sample,old_gross_bps,old_cost_bps,old_net_bps,new_gross_bps,new_bidask_cost_bps,new_bidask_net_bps,turnover
test,11.692560222484353,9.437194452977307,2.2553657695070437,11.692560222484353,29.01402625288524,-17.321466030400877,3.0
train,76.49756725474886,255.30995026290526,-178.81238300815644,76.49756725474886,669.9173416395485,-593.4197743847996,36.0
