strategy,subset,betas,sample,observations,gross_bps,cost_bps,net_bps,turnover,trades,max_drawdown_bps,tstat_style
enhanced_sparse_actual_bidask_boundary_cost,MSFT NVDA ORCL CRM AMD,MSFT:0.079700 NVDA:0.225700 ORCL:0.074500 CRM:0.060200 AMD:0.107400,test,8474,-82.08319953360581,33.15875332109155,-115.24195285469736,2.0,2,-138.57153439554122,-1.1692912986839479
enhanced_sparse_actual_bidask_boundary_cost,MSFT NVDA ORCL CRM AMD,MSFT:0.079700 NVDA:0.225700 ORCL:0.074500 CRM:0.060200 AMD:0.107400,train,15086,117.72629354772816,158.4636282601773,-40.737334712449105,6.0,6,-149.2734490836762,-0.22653416955602168
