strategy,sample,subset,betas,entry_z,exit_z,cost_gate,observations,trades,avg_abs_position,gross_bps,cost_bps,net_bps,sharpe_minute_ann,max_drawdown_bps
sparse_e3.5_x1_plain,test,MSFT NVDA ORCL CRM AMD,MSFT:0.0797 NVDA:0.2257 ORCL:0.0745 CRM:0.0602 AMD:0.1074,3.5,1.0,False,8474,2.0,0.04448902525371725,-82.08319953360581,6.94977777611983,-89.03297730972562,-3.2472574572361417,-122.91205494931243
sparse_e3.5_x1_plain,train,MSFT NVDA ORCL CRM AMD,MSFT:0.0797 NVDA:0.2257 ORCL:0.0745 CRM:0.0602 AMD:0.1074,3.5,1.0,False,15086,6.0,0.04891952803924168,117.72629354772816,30.796727371815063,86.92956617591311,1.3561973984945066,-80.42350112590455
literature_no_trade,test,,,,,True,8474,0.0,0.0,0.0,0.0,0.0,,0.0
literature_no_trade,train,,,,,True,15086,0.0,0.0,0.0,0.0,0.0,,0.0
