strategy,subset,betas,sample,observations,gross_bps,cost_bps,net_bps,turnover,trades,max_drawdown_bps,tstat_style
enhanced_sparse_actual_bidask_boundary_cost,NVDA AMD PLTR LRCX AMAT,NVDA:0.193000 AMD:0.080700 PLTR:0.104000 LRCX:0.079200 AMAT:0.056000,test,16245,-24.30742590712906,101.13855177344408,-125.44597768057314,4.0,4,-125.44597768057314,-1.2337851169999492
enhanced_sparse_actual_bidask_boundary_cost,NVDA AMD PLTR LRCX AMAT,NVDA:0.193000 AMD:0.080700 PLTR:0.104000 LRCX:0.079200 AMAT:0.056000,train,29913,102.0064496359921,128.14238904884584,-26.13593941285377,6.0,6,-125.19092034954404,-0.159744086744472
