sample,old_gross_bps,old_cost_bps,old_net_bps,new_gross_bps,new_bidask_cost_bps,new_bidask_net_bps,turnover
test,-24.30742590712906,15.256396566725615,-39.56382247385468,-24.30742590712906,101.13855177344408,-125.44597768057314,4.0
train,102.0064496359921,31.050378602984473,70.95607103300762,102.0064496359921,128.14238904884584,-26.13593941285377,6.0
