strategy,sample,subset,betas,entry_z,exit_z,cost_gate,observations,trades,avg_abs_position,gross_bps,cost_bps,net_bps,sharpe_minute_ann,max_drawdown_bps
sparse_e3.5_x0_plain,test,NVDA AMD PLTR LRCX AMAT,NVDA:0.1930 AMD:0.0807 PLTR:0.1040 LRCX:0.0792 AMAT:0.0560,3.5,0.0,False,16245,4.0,0.03434903047091413,-24.30742590712906,15.256396566725615,-39.56382247385468,-1.233375580260939,-70.52213354671039
sparse_e3.5_x0_plain,train,NVDA AMD PLTR LRCX AMAT,NVDA:0.1930 AMD:0.0807 PLTR:0.1040 LRCX:0.0792 AMAT:0.0560,3.5,0.0,False,29913,6.0,0.0268110854812289,102.0064496359921,31.050378602984473,70.95607103300762,0.8433206764480463,-94.69651214344017
literature_no_trade,test,,,,,True,16245,0.0,0.0,0.0,0.0,0.0,,0.0
literature_no_trade,train,,,,,True,29913,0.0,0.0,0.0,0.0,0.0,,0.0
