control,train_gross_bps,train_cost_bps,train_net_bps,train_trades,train_avg_abs_position,validation_gross_bps,validation_cost_bps,validation_net_bps,validation_trades,validation_avg_abs_position,test_gross_bps,test_cost_bps,test_net_bps,test_trades,test_avg_abs_position
selected,-1603.388414280227,512.0695299607912,-2115.4579442410177,128.0,0.822314399390502,96.74324329626671,141.87042428312074,-45.12718098685402,40.0,0.8821850794944965,-742.5645798297164,234.67450329636014,-977.2390831260766,83.0,0.9014887741625646
sign_flip,1603.388414280227,512.0695299607912,1091.3188843194355,128.0,0.822314399390502,-96.74324329626671,141.87042428312074,-238.61366757938748,40.0,0.8821850794944965,742.5645798297164,234.67450329636014,507.8900765333563,83.0,0.9014887741625646
active_always_long,-520.6443282964823,512.0695299607912,-1032.7138582572736,128.0,0.822314399390502,-202.26299567971395,141.87042428312074,-344.13341996283475,40.0,0.8821850794944965,1042.5257168438318,234.67450329636014,807.8512135474716,83.0,0.9014887741625646
active_always_short,520.6443282964823,512.0695299607912,8.574798335691039,128.0,0.822314399390502,202.26299567971395,141.87042428312074,60.39257139659318,40.0,0.8821850794944965,-1042.5257168438318,234.67450329636014,-1277.2002201401922,83.0,0.9014887741625646
circular_shift_mean,,,,,,,,,,,,,-335.57563119085216,,
circular_shift_p95,,,,,,,,,,,,,736.5852113509864,,
selected_vs_circular_pvalue,,,,,,,,,,,,,0.8,,
