month,gross_bps,cost_bps,net_bps,trades,avg_abs_position
2025-11,-454.95452042915826,206.54574069052322,-661.5002611196817,38,0.7898599972815006
2025-12,-916.798282894522,169.94973105679466,-1086.7480139513168,46,0.9470588235294117
2026-01,-231.6356109565465,135.57405821347342,-367.2096691700199,44,0.716565838589265
2026-02,96.74324329626671,141.87042428312074,-45.12718098685402,40,0.8821850794944965
2026-03,197.41815414224817,126.35475012983437,71.06340401241376,42,0.8655541191679398
2026-04,-939.9827339719646,108.31975316652576,-1048.3024871384905,41,0.9390109215854706
