control,train_gross_bps,train_cost_bps,train_net_bps,train_trades,train_avg_abs_position,validation_gross_bps,validation_cost_bps,validation_net_bps,validation_trades,validation_avg_abs_position,test_gross_bps,test_cost_bps,test_net_bps,test_trades,test_avg_abs_position
selected,89.12887866010522,104.02976448021705,-14.900885820111858,42,0.0011203911183540437,-15.71691545391829,197.61369539245254,-213.33061084637083,138,0.01897411159350378,15.844317527848872,63.14434661833672,-47.30002909048786,40,0.0022020173320073874
sign_flip,-89.12887866010522,104.02976448021705,-193.15864314032228,42,0.0011203911183540437,15.71691545391829,197.61369539245254,-181.89677993853428,138,0.01897411159350378,-15.844317527848872,63.14434661833672,-78.98866414618561,40,0.0022020173320073874
active_always_long,-89.12887866010522,104.02976448021705,-193.15864314032228,42,0.0011203911183540437,15.71691545391829,197.61369539245254,-181.89677993853428,138,0.01897411159350378,-15.844317527848872,63.14434661833672,-78.98866414618561,40,0.0022020173320073874
active_always_short,89.12887866010522,104.02976448021705,-14.900885820111858,42,0.0011203911183540437,-15.71691545391829,197.61369539245254,-213.33061084637083,138,0.01897411159350378,15.844317527848872,63.14434661833672,-47.30002909048786,40,0.0022020173320073874
