execution_model,pair,sample,gross_bps,cost_bps,net_bps,turnover
midpoint_no_cost,XLK-ORCL,validation,918.8890220079497,0.0,918.8890220079497,84.0
midpoint_no_cost,XLK-ORCL,test,3227.8355270103493,0.0,3227.8355270103493,224.0
halfspread_cost_approx,XLK-ORCL,validation,918.8890220079497,1209.2710785801578,-290.38205657220783,84.0
halfspread_cost_approx,XLK-ORCL,test,3227.8355270103493,3337.789896377167,-109.95436936681868,224.0
actual_bidask_fills,XLK-ORCL,validation,4870.056041206787,1204.707503185789,3665.348538020998,84.0
actual_bidask_fills,XLK-ORCL,test,13583.04299955547,3334.3277078980905,10248.71529165738,224.0
