execution_model,pair,sample,gross_bps,cost_bps,net_bps,turnover
midpoint_no_cost,XLK-ORCL,validation,470.5000579748255,0.0,470.5000579748255,12.0
midpoint_no_cost,XLK-ORCL,test,509.66026217398405,0.0,509.66026217398405,34.0
bidask_aware,XLK-ORCL,validation,470.5000579748255,205.09835738987712,265.4017005849484,12.0
bidask_aware,XLK-ORCL,test,509.66026217398405,736.9698464666058,-227.30958429262188,34.0
