strategy,universe,entry_z,exit_z,max_holding_minutes,stop_z,execution_model,train_net_bps,validation_net_bps,test_net_bps,num_trades,avg_holding_minutes,max_drawdown_bps,turnover,cost_bps,gross_bps
pair_zscore,XLK-ORCL,1.0,0.75,240,-1.0,actual_bidask_fills,-113.0538548539306,3665.348538020998,10248.71529165738,112,48.705357142857146,-967.4655705941423,224.0,3334.3277078980905,13583.04299955547
pair_zscore,XLK-MSFT,2.5,1.25,240,-1.0,actual_bidask_fills,139.4384097149537,234.67441604431372,-232.95911623391063,17,105.88235294117646,-418.6742348936434,34.0,648.1922527847139,415.2331365508033
pair_zscore,XLK-AAPL,2.5,1.25,-1,-1.0,actual_bidask_fills,12.39480093857992,279.6548867258064,-308.5607063717788,14,128.07142857142858,-428.35950796013657,28.0,667.1172293751671,358.55652300338824
pair_zscore,XLK-CRM,2.5,1.25,-1,-1.0,actual_bidask_fills,29.088008852777847,233.62900089613169,-312.7510529663624,14,129.57142857142858,-430.75290955586706,28.0,633.1406687847707,320.3896158184083
pair_zscore,XLK-AVGO,2.25,1.25,-1,-1.0,actual_bidask_fills,10.943464390811286,104.11684699677794,-401.0355014566258,19,123.89473684210526,-468.6390613910518,38.0,1153.1554518372022,752.1199503805765
pair_zscore,XLK-NVDA,2.0,1.0,240,-1.0,actual_bidask_fills,-127.84080485902294,337.8791750769583,-483.73274543498826,32,97.03125,-542.0941899345611,62.0,1787.4666861722055,1303.7339407372174
pair_zscore,XLK-AMD,2.0,1.25,240,-1.0,actual_bidask_fills,-69.20948835280605,266.84123273241767,-544.0636449250392,31,94.0,-573.9111230533123,62.0,1453.1121026971582,909.0484577721191
pair_zscore,XLK-CSCO,2.0,1.25,120,-1.0,actual_bidask_fills,53.388360351922515,215.24546987102153,-640.6338857893168,38,80.34210526315789,-800.6301233899915,76.0,1485.584797317694,844.9509115283771
