pair,stock,beta,entry_z,exit_z,max_holding_minutes,stop_z,validation_net_bps,validation_trades,test_gross_bps,test_cost_bps,test_net_bps,test_trades,win_rate,avg_holding_minutes
XLK-ORCL,ORCL,0.0291678412068241,2.5,1.25,240,,264.18383257238816,6,509.66026217398405,734.7556251753357,-225.0953630013517,17,0.4117647058823529,97.94117647058823
XLK-MSFT,MSFT,0.0277403360848098,2.5,1.25,240,,234.6744160443252,5,415.1987199720174,648.1922527847529,-232.9935328127355,17,0.4117647058823529,105.88235294117646
XLK-AAPL,AAPL,0.0277420570744385,2.5,1.25,-1,,279.6548867258117,4,358.6641373642972,667.117229375223,-308.4530920109258,14,0.35714285714285715,128.07142857142858
XLK-CRM,CRM,0.0106656987520821,2.5,1.25,-1,,235.9369359463262,4,318.01097546216715,633.1406687847727,-315.1296933226056,14,0.35714285714285715,129.57142857142858
XLK-AVGO,AVGO,0.0395106723395371,2.25,1.25,-1,,104.1168469967773,6,753.6356397144591,1153.1554518371815,-399.5198121227226,19,0.42105263157894735,123.89473684210526
XLK-NVDA,NVDA,0.1325445975680742,2.0,1.0,240,,337.879175076997,13,1303.733940737245,1787.4666861722228,-483.73274543497814,32,0.375,97.03125
XLK-AMD,AMD,0.0381438976400877,2.0,1.25,240,,266.8412327324588,14,908.5877259589134,1453.1121026971148,-544.5243767382013,31,0.3870967741935484,94.0
XLK-CSCO,CSCO,0.0631106912999916,2.0,1.25,120,,220.43376899865794,15,844.950911528392,1485.5847973177172,-640.6338857893251,38,0.3684210526315789,80.34210526315789
