month,xlk_return_bps,basket_return_bps,xlk_basket_corr_1m,xlk_on_basket_beta_1m,residual_vol_bps_1m,xlk_realized_vol_bps_1m,median_xlk_spread_bps,p90_xlk_spread_bps,signal_mean_bps,signal_std_bps,signal_p10_bps,signal_p90_bps,abs_signal_gt_60_frac
2025-11,-248.12382583157876,-246.40141956430475,0.7761016467352339,0.7263642752943408,4.873088798374434,7.7276059297856055,1.029883794779504,12.76813350217961,-112.67954992580437,173.2510313909842,-423.94587361098525,63.80923191743149,0.65475057768112
2025-12,-133.08405928274425,-179.86919481025942,0.5940548114313661,0.4980259905540926,4.2081239208610555,5.231222544877555,1.3714599190845667,11.575651366901825,-1482.2646243754189,2167.7281604972286,-5222.6526939153355,214.28334550503888,0.9187058823529411
2026-01,-295.6996131993517,-244.16921320482192,0.6018411337649182,0.5169928396558869,4.406047583331034,5.517105218611991,0.6942274983525514,4.87224392482132,81.7298516161396,93.6499279317205,-35.2659108623703,198.1248964469946,0.628137469429785
2026-02,-309.4288019569458,-409.31842625548205,0.708435133962656,0.7113758634898226,5.561412745339065,7.879856087947239,0.7242440702530746,4.1802525392042265,-25.798773047490474,135.29660733212808,-204.61283268768972,141.73906263129862,0.775648865334964
2026-03,-292.89168369180277,-346.2807983990492,0.6655734354187466,0.6793187848847472,5.5210267245454325,7.397544269149411,0.7736644617222471,9.44609550073899,-45.755527875731126,183.3816179186132,-296.51664967755994,195.80574250363412,0.8208955223880597
2026-04,1262.8552151203464,1321.395198050023,0.6027588747199554,0.5539542759172497,4.725864598227058,5.9227046702308135,1.2718600953883503,5.172923739227416,122.64239535238218,117.39114714468859,-23.19843363473373,236.09567812749364,0.8463615167505215
