control,2026_01_gross_bps,2026_01_cost_bps,2026_01_net_bps,2026_01_trades,2026_02_gross_bps,2026_02_cost_bps,2026_02_net_bps,2026_02_trades,2026_03_gross_bps,2026_03_cost_bps,2026_03_net_bps,2026_03_trades,2026_04_gross_bps,2026_04_cost_bps,2026_04_net_bps,2026_04_trades,train_gross_bps,train_cost_bps,train_net_bps,train_trades,validation_gross_bps,validation_cost_bps,validation_net_bps,validation_trades,test_gross_bps,test_cost_bps,test_net_bps,test_trades
selected_classifier,627.6049003437834,166.66881832313268,460.93608202065064,132,253.28409952846798,138.6561131478724,114.62798638059563,108,-262.6906992190481,567.1448368319531,-829.8355360510012,238,87.72220437605505,240.39680367590844,-152.67459929985333,212,627.6049003437834,166.66881832313268,460.93608202065064,132,253.28409952846798,138.6561131478724,114.62798638059563,108,-174.96849484299304,807.5416405078615,-982.5101353508546,450
sign_flip,-627.6049003437834,166.705258101479,-794.3101584452623,132,-253.28409952846798,138.64523985316094,-391.92933938162895,108,262.6906992190481,567.146052348485,-304.45535312943707,238,-87.72220437605505,240.44432555996212,-328.1665299360172,212,-627.6049003437834,166.705258101479,-794.3101584452623,132,-253.28409952846798,138.64523985316094,-391.92933938162895,108,174.96849484299304,807.5903779084472,-632.6218830654542,450
classifier_active_always_long,-213.16516324338508,166.69374986844622,-379.85891311183127,132,-241.6164676384902,138.63972028791994,-380.2561879264102,108,-51.69104201304897,567.192809564166,-618.8838515772152,238,397.87181687853666,240.43318070266,157.43863617587675,212,-213.16516324338508,166.69374986844622,-379.85891311183127,132,-241.6164676384902,138.63972028791994,-380.2561879264102,108,346.1807748654877,807.625990266826,-461.44521540133843,450
classifier_active_always_short,213.16516324338508,166.68032655616545,46.484836687219605,132,241.6164676384902,138.66163271311336,102.95483492537689,108,51.69104201304897,567.0980796162721,-515.4070376032231,238,-397.87181687853666,240.40794853321057,-638.2797654117472,212,213.16516324338508,166.68032655616545,46.484836687219605,132,241.6164676384902,138.66163271311336,102.95483492537689,108,-346.1807748654877,807.5060281494826,-1153.6868030149703,450
