control,train_net_bps,test_net_bps,test_trades,test_avg_abs_position
selected,335.68769639741913,-202.2137199882398,16.0,0.07284400271621705
sign_flip,-595.8327319482944,170.69363537086022,16.0,0.07284400271621705
active_always_long,160.07614851793514,81.07967888213028,16.0,0.07284400271621705
active_always_short,-420.2211840688104,-112.59976349950986,16.0,0.07284400271621705
circular_shift_mean,,-251.45998995895596,,
circular_shift_p95,,-125.14820122097296,,
selected_vs_circular_pvalue,,0.33663366336633666,,
