sample,old_gross_bps,old_cost_bps,old_net_bps,new_gross_bps,new_bidask_cost_bps,new_bidask_net_bps,turnover
feb,402.05472825238786,137.44958631494904,264.6051419374388,402.05472825238786,137.45341013058137,264.6013181218066,50.0
jan,287.1849592791076,142.2595056361784,144.92545364292914,287.1849592791076,142.29320363541225,144.89175564369535,44.0
mar,870.7429451645155,232.39023959835222,638.3527055661631,870.7429451645155,232.3206844087627,638.4222607557529,58.0
