strategy,sample,observations,gross_bps,cost_bps,net_bps,turnover,trades,max_drawdown_bps,tstat_style
timing_extension_actual_bidask_boundary_cost,test,16658,-550.2508222152436,302.0873683389893,-852.3381905542329,99.0,99,-1309.84440646374,-1.0940287712028973
timing_extension_actual_bidask_boundary_cost,train,73238,760.4017624392334,673.3843717279449,87.01739071128836,386.0,386,-1524.863888011833,0.06601123327850092
timing_extension_actual_bidask_boundary_cost,validation,7359,407.96859257236304,202.20529160063145,205.76330097173158,46.0,46,-702.0734085596519,0.31479171383238114
