strategy,sample,observations,gross_bps,cost_bps,net_bps,turnover,trades,max_drawdown_bps,tstat_style
timing_extension_actual_bidask_boundary_cost,test,16658,-550.2508222152436,302.0873683389893,-852.3381905542329,99.0,99,-1309.84440646374,-1.0940287712028973
timing_extension_actual_bidask_boundary_cost,train,23626,-125.87013543450709,607.4173393888051,-733.2874748233123,120.0,120,-1524.8638880118328,-0.8647441589664445
timing_extension_actual_bidask_boundary_cost,validation,7359,407.96859257236304,202.20529160063145,205.76330097173158,46.0,46,-702.0734085596519,0.31479171383238114
