control,train_net_bps,mar_net_bps,avg_pos_mar
selected,409.5305955803679,638.3527055661631,0.2888103651354535
sign_flip,-968.9487794826231,-1103.1331847628678,-0.2888103651354535
active_always_long,-943.5251778035963,-1.391266235657336,0.7571260306242639
active_always_short,384.1069939013414,-463.3892129610472,-0.7571260306242639
circular_shift_mean,,-440.23044328004005,
circular_shift_p95,,447.0523164566144,
selected_vs_circular_pvalue,,0.0175,
