sample,old_gross_bps,old_cost_bps,old_net_bps,new_gross_bps,new_bidask_cost_bps,new_bidask_net_bps,turnover
test,-550.2508222152436,302.1781744978589,-852.4289967131025,-550.2508222152436,302.0873683389893,-852.3381905542329,99.0
train,760.4017624392334,1795.1623552696635,-1034.7605928304301,760.4017624392334,673.3843717279449,87.01739071128836,386.0
validation,407.96859257236304,202.22997206697428,205.7386205053887,407.96859257236304,202.20529160063145,205.76330097173158,46.0
